City_ID,City,Country,Date,Lat,Lng,Max Temp,Humidity,Cloudiness,Wind Speed
0,Santa Margherita Ligure,IT,2021-09-10 01:32:04,44.3346,9.212,71.44,74,29,1.99
1,Irpa Irpa,BO,2021-09-10 01:32:05,-17.7167,-66.2667,66.2,73,54,2.89
2,Hamilton,US,2021-09-10 01:31:34,39.1834,-84.5333,67.39,74,1,0.0
3,Skelleftea,SE,2021-09-10 01:31:07,64.7507,20.9528,39.56,69,0,6.91
4,Sorland,NO,2021-09-10 01:30:48,67.667,12.6934,50.31,69,100,10.38
5,Nakasongola,UG,2021-09-10 01:32:05,1.3089,32.4564,62.73,96,57,2.51
6,Independencia,BR,2021-09-10 01:32:05,-5.3964,-40.3086,80.53,36,1,7.94
7,Bahia Honda,CU,2021-09-10 01:32:06,22.9036,-83.1592,79.65,83,70,6.51
8,Santiago Del Estero,AR,2021-09-10 01:32:06,-27.7951,-64.2615,50.81,29,0,4.99
9,Marevo,RU,2021-09-10 01:32:06,57.3146,32.0804,54.48,95,89,5.86
10,Olafsvik,IS,2021-09-10 01:29:38,64.8945,-23.7142,51.37,85,100,18.14
11,Kharan,PK,2021-09-10 01:32:06,28.5833,65.4167,79.75,28,65,3.11
12,Pedasi,PA,2021-09-10 01:32:07,7.5333,-80.0333,80.17,82,100,3.09
13,Ilave,PE,2021-09-10 01:32:07,-16.0833,-69.6667,45.12,72,83,7.85
14,Tucuman,AR,2021-09-10 01:29:24,-26.8241,-65.2226,59.0,41,0,5.75
15,Bokoro,TD,2021-09-10 01:32:07,12.3807,17.0568,73.54,85,100,11.61
16,Kyshtovka,RU,2021-09-10 01:32:08,56.555,76.6271,47.25,87,95,9.42
17,Maceio,BR,2021-09-10 01:26:22,-9.6658,-35.7353,72.84,94,0,3.44
18,Yabassi,CM,2021-09-10 01:32:08,4.457,9.9682,74.84,99,94,0.36
19,Victoria,HK,2021-09-10 01:27:19,22.2855,114.1577,89.65,76,100,1.99
20,Narasannapeta,IN,2021-09-10 01:32:08,18.4167,84.05,78.89,87,100,8.37
21,Gurupi,BR,2021-09-10 01:32:09,-11.7292,-49.0686,83.53,24,0,1.05
22,Storforshei,NO,2021-09-10 01:31:41,66.4043,14.5233,44.65,89,17,0.83
23,Roald,NO,2021-09-10 01:30:43,62.5833,6.1333,58.91,94,90,11.5
24,Waddan,LY,2021-09-10 01:30:36,29.1614,16.139,77.09,48,0,8.93
25,Namibe,AO,2021-09-10 01:30:59,-15.1961,12.1522,62.96,87,22,7.23
26,Nanortalik,GL,2021-09-10 01:29:57,60.1432,-45.2371,44.74,91,100,5.73
27,Satkhira,BD,2021-09-10 01:32:09,22.7167,89.1,84.2,79,78,3.83
28,Soyo,AO,2021-09-10 01:32:10,-6.1349,12.3689,73.6,92,83,7.11
29,San Juan,AR,2021-09-10 01:30:40,-31.5375,-68.5364,56.26,37,0,6.26
30,Port Blair,IN,2021-09-10 01:29:19,11.6667,92.75,78.91,86,100,23.26
31,Fagersta,SE,2021-09-10 01:32:10,60.0042,15.7932,57.65,96,100,5.06
32,Kasongo-Lunda,CD,2021-09-10 01:32:10,-6.4667,16.8167,74.77,71,7,1.9
33,Artemisa,CU,2021-09-10 01:32:10,22.814,-82.7561,77.18,82,20,5.19
34,Asyut,EG,2021-09-10 01:32:11,27.181,31.1837,78.98,59,0,11.1
35,Bambous Virieux,MU,2021-09-10 01:30:08,-20.3428,57.7575,68.25,88,40,3.44
36,Corinto,GR,2021-09-10 01:29:17,37.9407,22.9573,69.76,77,4,3.18
37,Rumphi,MW,2021-09-10 01:32:11,-11.0186,33.8575,64.17,70,48,3.44
38,Torbay,CA,2021-09-10 01:24:50,47.6666,-52.7314,61.27,90,1,9.22
39,Rafai,CF,2021-09-10 01:32:11,4.95,23.9167,68.72,99,100,6.13
40,Khash,IR,2021-09-10 01:32:12,28.2211,61.2158,70.56,22,39,2.57
41,Honningsvag,NO,2021-09-10 01:31:06,70.9821,25.9704,42.57,90,100,9.69
42,Cayenne,GF,2021-09-10 01:30:16,4.9333,-52.3333,81.09,83,0,1.99
43,Alassio,IT,2021-09-10 01:32:12,44.0039,8.1671,72.88,63,51,3.0
44,Goderich,CA,2021-09-10 01:30:22,43.7501,-81.7165,64.9,82,8,2.3
45,Masindi,UG,2021-09-10 01:32:13,1.6744,31.715,61.79,96,38,1.7
46,Lagoa,PT,2021-09-10 01:31:22,39.05,-27.9833,71.51,89,1,15.95
47,Boa Vista,BR,2021-09-10 01:32:13,2.8197,-60.6733,84.18,65,0,4.61
48,Dindori,IN,2021-09-10 01:32:13,22.95,81.0833,72.7,93,91,1.81
49,Acarau,BR,2021-09-10 01:32:14,-2.8856,-40.12,77.65,83,6,14.18
50,Riberalta,BO,2021-09-10 01:32:14,-10.9833,-66.1,72.52,89,100,3.38
51,Pendra,IN,2021-09-10 01:32:14,22.7667,81.95,74.37,87,50,2.35
52,Vangaindrano,MG,2021-09-10 01:32:15,-23.35,47.6,67.6,88,89,10.83
53,Havoysund,NO,2021-09-10 01:31:33,70.9963,24.6622,43.68,91,100,7.09
54,Bethanien,NA,2021-09-10 01:32:15,-26.502,17.1583,60.49,23,0,2.68
55,Cerrito,CO,2021-09-10 01:32:15,6.8432,-72.694,52.99,90,99,7.18
56,San Andres,CO,2021-09-10 01:32:16,12.5847,-81.7006,80.62,89,75,4.61
57,Damoh,IN,2021-09-10 01:32:16,23.8333,79.45,74.12,96,100,6.87
58,Kjollefjord,NO,2021-09-10 01:32:16,70.9457,27.3465,42.71,83,100,11.16
59,Venado Tuerto,AR,2021-09-10 01:32:17,-33.7456,-61.9688,50.77,81,80,9.4
60,Fram,PY,2021-09-10 01:32:17,-26.9833,-55.8833,59.59,78,0,2.48
61,Plettenberg Bay,ZA,2021-09-10 01:29:37,-34.0527,23.3716,74.93,34,100,9.62
62,Mecca,SA,2021-09-10 01:26:11,21.4267,39.8261,84.07,75,33,1.95
63,Boditi,ET,2021-09-10 01:32:17,6.9667,37.8667,53.13,93,72,2.39
64,Wajir,KE,2021-09-10 01:32:17,1.7471,40.0573,72.36,72,81,12.37
65,Tshikapa,CD,2021-09-10 01:32:18,-6.4167,20.8,74.89,60,33,0.67
66,Kattivakkam,IN,2021-09-10 01:32:18,13.2167,80.3167,82.49,66,100,10.78
67,Viareggio,IT,2021-09-10 01:32:18,43.8735,10.2558,69.01,58,8,6.06
68,Saint George,US,2021-09-10 01:29:33,37.1041,-113.5841,95.32,27,1,8.99
69,Pangody,RU,2021-09-10 01:30:53,65.85,74.4859,42.33,60,7,3.18
70,Sayyan,YE,2021-09-10 01:32:19,15.1718,44.3244,62.83,41,67,2.95
71,Richards Bay,ZA,2021-09-10 01:31:21,-28.783,32.0377,61.59,87,24,6.69
72,Bandarbeyla,SO,2021-09-10 01:29:55,9.4942,50.8122,78.21,76,79,26.17
73,Kedrovyy,RU,2021-09-10 01:31:47,56.1667,91.8167,45.01,66,58,12.35
74,Sao Filipe,CV,2021-09-10 01:29:20,14.8961,-24.4956,78.53,79,11,6.76
75,Dakar,SN,2021-09-10 01:31:44,14.6937,-17.4441,81.48,83,100,18.45
76,Rognan,NO,2021-09-10 01:32:19,67.0953,15.3878,46.54,94,100,2.35
77,Tabou,CI,2021-09-10 01:32:19,4.423,-7.3528,76.21,90,100,8.12
78,Nara,JP,2021-09-10 01:27:22,34.6851,135.8049,81.77,55,11,1.92
79,Jamestown,US,2021-09-10 01:31:42,42.097,-79.2353,58.59,95,90,4.0
80,Camopi,GF,2021-09-10 01:31:40,3.1655,-52.3158,70.97,99,85,2.95
81,Mandera,KE,2021-09-10 01:32:20,3.9366,41.867,75.92,64,41,12.88
82,Awbari,LY,2021-09-10 01:31:19,26.5921,12.7805,81.09,27,0,8.03
83,Banyo,CM,2021-09-10 01:32:20,6.75,11.8167,65.39,95,100,2.21
84,Midland,US,2021-09-10 01:32:20,31.9974,-102.0779,90.27,33,1,8.05
85,Beloha,MG,2021-09-10 01:29:45,-25.1667,45.05,63.19,77,20,11.65
86,Pervomayskoye,RU,2021-09-10 01:30:11,43.919,46.7102,57.58,58,0,8.61
87,Hobyo,SO,2021-09-10 01:32:21,5.3505,48.5268,76.69,81,99,21.68
88,Tsiroanomandidy,MG,2021-09-10 01:32:21,-18.7667,46.0333,61.47,64,0,3.74
89,Lebu,CL,2021-09-10 01:31:13,-37.6167,-73.65,51.55,91,100,10.18
90,Gwadar,PK,2021-09-10 01:32:21,25.1216,62.3254,79.52,91,100,3.98
91,Sao Domingos Do Maranhao,BR,2021-09-10 01:32:22,-5.5758,-44.3853,78.64,45,10,1.63
92,Coquimbo,CL,2021-09-10 01:31:02,-29.9533,-71.3436,54.57,89,13,0.67
93,Georgiyevka,KZ,2021-09-10 01:30:54,43.0369,74.7114,53.64,50,40,6.71
94,Opuwo,NA,2021-09-10 01:32:22,-18.0607,13.84,66.65,20,23,3.71
95,Sogne,NO,2021-09-10 01:32:22,58.0833,7.8167,60.69,84,95,3.11
96,Punta Arenas,CL,2021-09-10 01:27:27,-53.15,-70.9167,44.01,62,64,13.96
97,Aragarcas,BR,2021-09-10 01:32:23,-15.8975,-52.2508,78.89,46,8,6.38
98,Mitu,CO,2021-09-10 01:32:23,1.1983,-70.1733,73.58,92,14,2.08
99,Porto Novo,BJ,2021-09-10 01:32:23,6.4965,2.6036,78.62,91,95,4.61
100,Camacupa,AO,2021-09-10 01:32:24,-12.0167,17.4833,67.32,43,48,2.8
101,Codrington,AU,2021-09-10 01:31:03,-38.2667,141.9667,57.51,64,100,4.74
102,Bajil,YE,2021-09-10 01:32:24,15.0584,43.2851,90.34,53,65,2.77
103,Waupun,US,2021-09-10 01:32:24,43.6333,-88.7296,62.71,70,100,4.56
104,East London,ZA,2021-09-10 01:29:41,-33.0153,27.9116,62.62,77,3,21.16
105,Kemijarvi,FI,2021-09-10 01:29:46,66.7131,27.4306,37.18,94,10,2.06
106,Tibati,CM,2021-09-10 01:32:25,6.4667,12.6333,65.97,97,100,1.63
107,Kalininaul,RU,2021-09-10 01:32:25,43.0712,46.5668,52.38,84,0,3.74
108,Pasni,PK,2021-09-10 01:32:25,25.2631,63.471,79.34,91,72,7.52
109,Rocha,UY,2021-09-10 01:31:23,-34.4833,-54.3333,48.61,97,40,6.78
110,Berberati,CF,2021-09-10 01:32:25,4.2612,15.7922,68.09,95,100,0.72
111,Mahajanga,MG,2021-09-10 01:30:22,-15.7167,46.3167,68.02,88,0,5.75
112,Hualmay,PE,2021-09-10 01:30:40,-11.0964,-77.6139,61.83,87,41,8.55
113,Jaciara,BR,2021-09-10 01:32:26,-15.9653,-54.9683,78.3,55,68,5.14
114,Varnamo,SE,2021-09-10 01:32:26,57.186,14.04,54.05,94,54,2.98
115,Rorvik,NO,2021-09-10 01:30:29,64.8621,11.2373,50.85,70,88,7.29
116,Aksarka,RU,2021-09-10 01:30:37,66.5606,67.7975,38.91,74,79,7.38
117,Shieli,KZ,2021-09-10 01:32:26,44.1667,66.75,58.44,24,1,9.28
118,Cabedelo,BR,2021-09-10 01:32:27,-6.9811,-34.8339,74.07,81,4,10.22
119,Cajati,BR,2021-09-10 01:32:27,-24.7361,-48.1228,69.71,98,100,2.1
120,Aden,YE,2021-09-10 01:30:19,12.7794,45.0367,87.82,69,99,16.71
121,Jiwani,PK,2021-09-10 01:32:27,25.05,61.7417,79.68,91,100,7.67
122,Qaanaaq,GL,2021-09-10 01:30:50,77.484,-69.3632,17.04,68,46,7.18
123,Pangnirtung,CA,2021-09-10 01:29:25,66.1451,-65.7125,36.23,75,99,2.39
124,Matay,EG,2021-09-10 01:30:33,28.419,30.7792,75.58,67,1,10.51
125,Zapolyarnyy,RU,2021-09-10 01:30:09,69.4154,30.8136,38.48,91,60,11.65
126,Kulhudhuffushi,MV,2021-09-10 01:32:30,6.6221,73.07,82.63,74,74,12.93
127,Myre,NO,2021-09-10 01:32:30,69.1036,15.9492,42.75,75,60,18.52
128,Sinnamary,GF,2021-09-10 01:32:31,5.3833,-52.95,78.37,85,51,10.22
129,Brae,GB,2021-09-10 01:29:22,60.3964,-1.353,57.11,98,100,10.69
130,Bakel,SN,2021-09-10 01:32:31,14.905,-12.4568,83.71,76,100,17.65
131,Dakoro,NE,2021-09-10 01:32:31,14.5106,6.765,85.89,49,100,7.05
132,Bam,IR,2021-09-10 01:32:32,29.106,58.357,76.48,19,20,8.08
133,Praia Da Vitoria,PT,2021-09-10 01:30:45,38.7333,-27.0667,72.75,88,40,14.32
134,Finnsnes,NO,2021-09-10 01:32:32,69.2296,17.9811,46.36,89,100,7.63
135,Cotonou,BJ,2021-09-10 01:29:02,6.3654,2.4183,78.78,94,40,6.91
136,Tornio,FI,2021-09-10 01:29:26,65.8481,24.1466,30.22,76,7,4.76
137,The Valley,AI,2021-09-10 01:29:34,18.217,-63.0578,84.09,78,98,12.59
138,Ancona,IT,2021-09-10 01:32:33,43.55,13.1667,64.6,60,0,3.44
139,Piombino,IT,2021-09-10 01:32:33,42.9348,10.5221,67.01,69,4,1.99
140,Amapa,BR,2021-09-10 01:32:33,1.0,-52.0,71.8,96,63,3.4
141,Sailana,IN,2021-09-10 01:32:34,23.4667,74.9167,72.93,98,100,11.86
142,Kozhva,RU,2021-09-10 01:31:37,65.1073,57.0459,39.33,94,100,11.03
143,Omboue,GA,2021-09-10 01:32:34,-1.5746,9.2618,75.16,86,83,8.66
144,Bulembu,SZ,2021-09-10 01:32:34,-25.9667,31.1333,54.55,83,65,2.13
145,Igarka,RU,2021-09-10 01:29:24,67.4667,86.5833,47.46,91,100,12.8
146,Piacabucu,BR,2021-09-10 01:32:35,-10.4056,-36.4344,72.93,86,7,5.7
147,Maputo,MZ,2021-09-10 01:32:35,-25.9653,32.5892,62.22,86,20,5.75
148,Lesnoy,RU,2021-09-10 01:32:35,57.6198,63.0784,48.81,94,97,10.42
149,Pirai Do Sul,BR,2021-09-10 01:28:27,-24.5261,-49.9486,60.13,79,100,3.65
150,San Nicolas,PH,2021-09-10 01:32:36,18.1725,120.5953,85.91,84,75,2.3
151,Sevojno,RS,2021-09-10 01:32:36,43.845,19.8986,57.85,76,0,1.14
152,Saquarema,BR,2021-09-10 01:32:36,-22.92,-42.5103,73.42,93,80,6.76
153,Ostashkov,RU,2021-09-10 01:32:37,57.1467,33.1075,55.2,90,86,6.58
154,Arkhangelsk,RU,2021-09-10 01:30:06,64.5401,40.5433,41.11,100,20,2.24
155,Maltahohe,NA,2021-09-10 01:32:37,-24.8333,16.9833,61.14,16,0,5.14
156,Chicama,PE,2021-09-10 01:29:34,-7.8447,-79.1469,59.54,83,88,6.29
157,Barentu,ER,2021-09-10 01:32:38,15.1139,37.5928,69.19,86,99,4.79
158,Haljala,EE,2021-09-10 01:32:38,59.4336,26.2614,54.86,95,92,3.49
159,Urumqi,CN,2021-09-10 01:29:32,43.801,87.6005,63.55,48,0,8.95
160,Pointe Michel,DM,2021-09-10 01:32:38,15.25,-61.3833,82.63,72,34,10.09
161,Inyonga,TZ,2021-09-10 01:32:38,-6.7167,32.0667,67.15,47,14,7.72
162,Tema,GH,2021-09-10 01:32:39,5.667,-0.0166,77.41,94,75,9.22
163,Castrillon,ES,2021-09-10 01:32:39,43.3979,-6.7922,61.34,97,25,5.14
164,Marzuq,YE,2021-09-10 01:32:39,14.4,46.4667,80.78,39,99,2.91
165,Canutama,BR,2021-09-10 01:32:39,-6.5339,-64.3831,73.65,97,100,4.9
166,Say,NE,2021-09-10 01:32:40,13.1007,2.3689,84.76,75,37,7.11
167,Bud,US,2021-09-10 01:29:50,39.447,-86.1758,66.97,70,12,3.51
168,Izberbash,RU,2021-09-10 01:32:40,42.5696,47.8645,59.05,70,1,9.91
169,Grand-Santi,GF,2021-09-10 01:32:40,4.25,-54.3833,72.95,96,56,3.44
170,Calamar,CO,2021-09-10 01:32:41,10.2511,-74.9146,84.15,91,48,4.16
171,Ljubinje,BA,2021-09-10 01:32:41,42.9508,18.0886,61.43,71,94,3.53
172,Ampanihy,MG,2021-09-10 01:32:41,-24.7,44.75,60.93,80,0,10.67
173,Muisne,EC,2021-09-10 01:32:41,0.6,-80.0333,73.62,88,52,6.8
174,Quatre Cocos,MU,2021-09-10 01:29:21,-20.2078,57.7625,68.11,79,9,6.6
175,Depalpur,IN,2021-09-10 01:32:42,22.85,75.55,75.6,95,100,12.33
176,Miraflores,MX,2021-09-10 01:32:42,19.2167,-98.8083,68.65,87,100,4.03
177,Sur,OM,2021-09-10 01:31:45,22.5667,59.5289,87.04,61,89,2.75
178,Nikel,RU,2021-09-10 01:32:43,69.4128,30.222,39.38,89,76,8.01
179,Mbanza-Ngungu,CD,2021-09-10 01:32:43,-5.25,14.8667,74.25,67,46,8.34
180,Diego De Almagro,CL,2021-09-10 01:32:43,-26.3667,-70.05,60.31,34,0,0.89
181,Abu Zabad,SD,2021-09-10 01:32:44,12.35,29.25,72.66,83,29,9.98
182,Porto Nacional,BR,2021-09-10 01:27:09,-10.7081,-48.4172,82.4,23,0,0.65
183,Lubao,PH,2021-09-10 01:32:44,14.9167,120.55,85.14,78,100,6.08
184,Ginir,ET,2021-09-10 01:32:44,7.1333,40.7,57.22,76,2,5.48
185,Mayumba,GA,2021-09-10 01:32:45,-3.432,10.6554,74.25,89,72,2.13
186,Kilosa,TZ,2021-09-10 01:32:45,-6.8333,36.9833,66.47,91,25,0.98
187,Souillac,MU,2021-09-10 01:31:42,-20.5167,57.5167,68.38,88,40,3.44
188,Bronnoysund,NO,2021-09-10 01:32:45,65.4625,12.1997,44.6,87,31,10.36
189,Nagamangala,IN,2021-09-10 01:32:46,12.8156,76.7575,69.49,85,56,12.28
190,Dedovichi,RU,2021-09-10 01:32:46,57.5517,29.9502,54.03,96,20,5.93
191,Vadso,NO,2021-09-10 01:32:46,70.0744,29.7487,40.08,85,90,15.3
192,Saint-Georges,GD,2021-09-10 01:32:47,12.0564,-61.7485,82.08,83,20,12.66
193,Pechenga,RU,2021-09-10 01:32:47,69.5259,31.1703,40.06,90,26,11.7
194,Salalah,OM,2021-09-10 01:32:47,17.0151,54.0924,78.89,94,90,4.61
195,Cudahy,US,2021-09-10 01:32:47,33.9606,-118.1853,99.81,60,1,3.44
196,Riyadh,SA,2021-09-10 01:29:11,24.6877,46.7219,80.74,18,100,8.7
197,Castro,BR,2021-09-10 01:29:23,-24.7911,-50.0119,58.46,74,98,5.39
198,Mercedes,AR,2021-09-10 01:32:48,-34.6515,-59.4307,53.19,84,100,13.96
199,Breyten,ZA,2021-09-10 01:32:48,-26.3018,29.987,44.13,95,30,4.36
200,Stromness,GB,2021-09-10 01:32:48,58.965,-3.296,57.16,94,100,7.0
201,Trinidad,BO,2021-09-10 01:31:41,-14.8333,-64.9,68.41,59,32,7.54
202,Itupiranga,BR,2021-09-10 01:32:49,-5.1347,-49.3267,80.53,60,49,3.53
203,Lakselv,NO,2021-09-10 01:32:49,70.0513,24.9718,45.75,93,90,4.61
204,Umba,RU,2021-09-10 01:32:49,66.6871,34.3429,39.56,83,9,7.49
205,Esmeraldas,BR,2021-09-10 01:32:50,-19.7625,-44.3139,81.46,35,11,4.0
206,Vila Velha,BR,2021-09-10 01:31:04,-20.3297,-40.2925,75.15,83,40,13.8
207,Mitsamiouli,KM,2021-09-10 01:29:43,-11.3847,43.2844,76.12,72,6,4.72
208,Zarechnyy,RU,2021-09-10 01:32:50,53.2036,45.1923,52.7,95,69,5.39
209,Turukhansk,RU,2021-09-10 01:32:50,65.8167,87.9833,45.77,91,100,14.09
210,Andenes,NO,2021-09-10 01:32:51,69.3143,16.1194,42.78,81,75,11.5
211,Benjamin Aceval,PY,2021-09-10 01:32:51,-24.9667,-57.5667,59.14,52,66,5.12
212,Sagua La Grande,CU,2021-09-10 01:32:51,22.8067,-80.0756,77.99,76,55,5.3
213,Hammerfest,NO,2021-09-10 01:32:51,70.6634,23.6821,43.25,100,75,12.66
214,Moyobamba,PE,2021-09-10 01:32:52,-6.05,-76.9667,65.25,96,11,1.21
215,Pachperwa,IN,2021-09-10 01:32:52,27.5167,82.65,80.92,82,20,7.54
216,Sao Joao Da Barra,BR,2021-09-10 01:31:20,-21.6403,-41.0511,73.53,90,48,14.29
217,Lulea,SE,2021-09-10 01:31:20,65.5842,22.1547,41.07,93,6,5.75
218,Bria,CF,2021-09-10 01:32:53,6.5423,21.9863,69.12,99,100,2.48
219,Bafra,TR,2021-09-10 01:32:53,41.5678,35.9069,64.18,83,0,4.99
220,Geraldton,AU,2021-09-10 01:31:12,-28.7667,114.6,64.13,67,90,6.91
221,Chuy,UY,2021-09-10 01:30:46,-33.6971,-53.4616,50.54,96,48,7.83
222,Saldanha,ZA,2021-09-10 01:29:24,-33.0117,17.9442,56.84,95,100,17.27
223,Poddorye,RU,2021-09-10 01:32:53,57.4695,31.1156,53.69,97,57,5.28
224,Usinsk,RU,2021-09-10 01:30:46,65.9939,57.5281,37.58,95,100,14.76
225,Thinadhoo,MV,2021-09-10 01:32:54,0.5333,72.9333,82.96,69,1,6.33
226,Luderitz,NA,2021-09-10 01:31:27,-26.6481,15.1594,53.15,85,62,4.0
227,Acajutla,SV,2021-09-10 01:32:54,13.5928,-89.8275,81.81,83,100,1.45
228,Liverpool,GB,2021-09-10 01:30:01,53.4106,-2.9779,65.68,88,75,2.3
229,Santa Rosa,PH,2021-09-10 01:29:58,14.3122,121.1114,85.86,69,100,5.3
230,Bengkulu,ID,2021-09-10 01:30:21,-3.8004,102.2655,80.17,73,80,8.9
231,Vallenar,CL,2021-09-10 01:31:13,-28.5708,-70.7581,59.05,54,0,1.79
232,Avanigadda,IN,2021-09-10 01:32:55,16.0215,80.9181,84.34,80,100,8.97
233,Lima,PE,2021-09-10 01:27:00,-12.0432,-77.0282,60.91,83,90,13.8
234,Sechura,PE,2021-09-10 01:30:32,-5.5569,-80.8222,64.76,82,5,13.98
235,Polyarnyy,RU,2021-09-10 01:32:55,69.1989,33.4478,36.07,90,63,16.53
236,Gat,IL,2021-09-10 01:29:56,31.61,34.7642,79.81,100,21,6.98
237,Ushuaia,AR,2021-09-10 01:30:08,-54.8,-68.3,47.86,49,40,17.27
238,Khanpur,PK,2021-09-10 01:32:56,28.6453,70.6567,90.28,48,3,7.36
239,Dalbandin,PK,2021-09-10 01:31:48,28.8947,64.4101,79.74,17,1,3.96
240,Cape Town,ZA,2021-09-10 01:27:02,-33.9258,18.4232,58.87,81,75,11.99
241,Tiznit,MA,2021-09-10 01:32:56,29.5833,-9.5,73.9,30,0,1.32
242,Qaqortoq,GL,2021-09-10 01:31:02,60.7167,-46.0333,45.18,91,100,2.84
243,Tahta,EG,2021-09-10 01:32:56,26.7693,31.5021,84.52,59,0,12.64
244,Eirunepe,BR,2021-09-10 01:32:57,-6.6603,-69.8736,75.6,82,70,2.51
245,Ourossogui,SN,2021-09-10 01:32:57,15.6064,-13.3211,86.47,54,94,13.11
246,Dudinka,RU,2021-09-10 01:32:57,69.4058,86.1778,48.9,91,100,9.4
247,Trairi,BR,2021-09-10 01:32:05,-3.2778,-39.2689,77.43,82,5,10.67
248,Jucas,BR,2021-09-10 01:32:57,-6.5253,-39.5275,76.1,37,13,3.13
249,Mocuba,MZ,2021-09-10 01:29:18,-16.8392,36.9856,70.02,76,100,3.96
250,Dzilam Gonzalez,MX,2021-09-10 01:32:58,21.2833,-88.9333,78.08,87,95,7.2
251,Qandala,SO,2021-09-10 01:32:58,11.472,49.8728,89.83,51,91,4.09
252,Sumbe,AO,2021-09-10 01:32:58,-11.2061,13.8437,70.65,91,20,6.49
253,Paita,PE,2021-09-10 01:32:59,-5.0892,-81.1144,64.47,85,9,13.44
254,Tandalti,SD,2021-09-10 01:32:59,13.0167,31.8667,75.09,80,42,12.5
255,Mahibadhoo,MV,2021-09-10 01:32:59,3.7833,72.9667,82.72,73,90,11.41
256,Carnarvon,AU,2021-09-10 01:29:43,-24.8667,113.6333,71.67,64,62,16.11
257,Naliya,IN,2021-09-10 01:32:59,23.2667,68.8333,80.96,86,100,10.89
258,Nicoya,CR,2021-09-10 01:33:00,10.1483,-85.452,74.75,92,100,2.17
259,Varca,IN,2021-09-10 01:33:00,15.2167,73.9167,78.8,89,75,9.22
260,Tasiilaq,GL,2021-09-10 01:31:46,65.6145,-37.6368,39.36,47,0,12.37
261,Tessalit,ML,2021-09-10 01:31:29,20.1986,1.0114,91.42,20,97,6.98
262,Umm Lajj,SA,2021-09-10 01:29:44,25.0213,37.2685,88.45,48,100,7.96
263,Sozimskiy,RU,2021-09-10 01:33:01,59.7418,52.2482,36.97,96,33,8.39
264,Kamenka,RU,2021-09-10 01:29:32,51.3223,42.7678,54.19,68,0,6.89
265,Taltal,CL,2021-09-10 01:33:01,-25.4,-70.4833,58.21,76,34,0.16
266,Waverly,US,2021-09-10 01:33:01,42.7392,-84.6208,60.73,75,20,5.75
267,Mabama,TZ,2021-09-10 01:33:01,-5.1333,32.5333,70.16,47,45,9.31
268,Oruro,BO,2021-09-10 01:30:34,-17.9833,-67.15,44.19,68,0,4.16
269,Muros,ES,2021-09-10 01:29:29,42.7762,-9.0603,64.9,92,22,5.32
270,Balma,FR,2021-09-10 01:33:02,43.6111,1.4994,66.11,94,90,2.3
271,Keetmanshoop,NA,2021-09-10 01:33:02,-26.5833,18.1333,65.32,19,0,4.61
272,Jacareacanga,BR,2021-09-10 01:33:03,-6.2222,-57.7528,73.22,96,96,2.01
273,Camocim,BR,2021-09-10 01:33:03,-2.9022,-40.8411,76.32,84,6,11.25
274,Vila Franca Do Campo,PT,2021-09-10 01:25:01,37.7167,-25.4333,72.01,82,100,8.14
275,Vauvert,FR,2021-09-10 01:33:03,43.7,4.2833,70.43,68,100,2.3
276,Itarema,BR,2021-09-10 01:31:36,-2.9248,-39.9167,77.67,82,7,13.71
277,Talnakh,RU,2021-09-10 01:31:42,69.4865,88.3972,49.37,91,100,5.68
278,Port Elizabeth,ZA,2021-09-10 01:30:43,-33.918,25.5701,61.09,88,0,10.36
279,Tyukhtet,RU,2021-09-10 01:30:28,56.5389,89.3011,46.65,87,48,12.1
280,Requena,ES,2021-09-10 01:33:04,39.4883,-1.1004,67.14,56,87,5.1
281,Roura,GF,2021-09-10 01:33:04,4.7263,-52.3274,80.96,94,0,0.0
282,Kangaatsiaq,GL,2021-09-10 01:33:04,68.3065,-53.4641,36.9,63,49,10.83
283,Cabinda,AO,2021-09-10 01:33:05,-5.55,12.2,74.48,90,80,5.79
284,Koslan,RU,2021-09-10 01:33:05,63.4564,48.8989,37.17,92,88,6.64
285,Diffa,NE,2021-09-10 01:33:05,13.3154,12.6113,76.89,70,94,6.08
286,Kautokeino,NO,2021-09-10 01:33:05,69.0125,23.0412,34.99,88,55,6.06
287,Bangassou,CF,2021-09-10 01:33:06,4.7413,22.8184,68.36,99,100,6.89
288,Rincon,US,2021-09-10 01:33:06,32.296,-81.2354,80.85,84,40,6.91
289,Clyde River,CA,2021-09-10 01:30:08,70.4692,-68.5914,31.89,70,95,3.94
290,Kheda,IN,2021-09-10 01:33:06,22.75,72.6833,79.09,90,66,8.32
291,Lapeer,US,2021-09-10 01:28:42,43.0514,-83.3188,64.27,100,90,0.0
292,Galle,LK,2021-09-10 01:33:07,6.0367,80.217,80.71,81,99,11.72
293,El Zapote,MX,2021-09-10 01:33:07,21.0667,-102.8,67.78,67,95,8.5
294,Albany,US,2021-09-10 01:28:59,42.6001,-73.9662,65.37,95,100,4.0
295,Coihueco,CL,2021-09-10 01:33:07,-36.6167,-71.8333,51.01,81,100,1.57
296,Cabanas,CU,2021-09-10 01:33:08,22.9758,-82.9219,77.47,82,55,6.49
297,Busselton,AU,2021-09-10 01:30:07,-33.65,115.3333,54.05,63,55,9.24
298,Padang,ID,2021-09-10 01:31:09,-0.9492,100.3543,77.05,78,40,2.35
299,Ormara,PK,2021-09-10 01:29:53,25.2088,64.6357,80.11,88,100,8.21
300,Panaba,MX,2021-09-10 01:33:08,21.2833,-88.2667,81.41,73,100,8.95
301,Harstad,NO,2021-09-10 01:33:09,68.799,16.5293,44.58,96,66,3.0
302,Ayorou,NE,2021-09-10 01:33:09,14.7308,0.9174,84.56,61,97,9.62
303,La Palma,US,2021-09-10 01:33:09,33.8464,-118.0467,98.8,59,40,5.01
304,Rabo De Peixe,PT,2021-09-10 01:33:09,37.8,-25.5833,71.11,83,20,8.05
305,Sumkino,RU,2021-09-10 01:30:35,58.1108,68.3244,48.47,96,100,9.64
306,Sitio Novo Do Tocantins,BR,2021-09-10 01:33:10,-5.5183,-47.4611,80.76,48,10,4.72
307,Kargasok,RU,2021-09-10 01:33:10,59.0556,80.8572,40.82,89,100,11.61
308,Raudeberg,NO,2021-09-10 01:30:05,61.9875,5.1352,57.2,97,100,9.64
309,Abai,PY,2021-09-10 01:33:10,-26.0333,-55.9333,54.63,71,51,0.18
310,Muzhi,RU,2021-09-10 01:33:10,65.3667,64.6667,43.2,82,100,6.91
311,Matara,LK,2021-09-10 01:33:11,5.9485,80.5353,80.15,83,100,9.69
312,Frederikshavn,DK,2021-09-10 01:33:11,57.4407,10.5366,57.15,86,7,6.08
313,Touros,BR,2021-09-10 01:33:12,-5.1989,-35.4608,74.3,81,8,12.48
314,Husavik,IS,2021-09-10 01:29:39,66.0449,-17.3389,48.11,56,100,8.28
315,Banepa,NP,2021-09-10 01:33:12,27.6298,85.5214,66.52,100,75,0.0
316,Eyl,SO,2021-09-10 01:33:12,7.9803,49.8164,77.16,68,22,22.3
317,Gamba,GA,2021-09-10 01:33:13,-2.65,10.0,75.49,85,89,5.73
318,Valkla,EE,2021-09-10 01:33:13,59.4744,25.3186,58.66,97,65,3.91
319,Laviana,ES,2021-09-10 01:33:13,43.2333,-5.5333,60.75,95,93,1.74
320,Buraydah,SA,2021-09-10 01:30:42,26.326,43.975,79.25,18,98,4.99
321,Moussoro,TD,2021-09-10 01:33:14,13.6408,16.4901,72.34,90,100,13.15
322,Surab,PK,2021-09-10 01:33:14,28.4914,66.2585,69.58,63,100,0.36
323,Mangaratiba,BR,2021-09-10 01:33:14,-22.9597,-44.0406,70.93,91,100,4.76
324,Cockburn Town,TC,2021-09-10 01:31:45,21.4612,-71.1419,83.21,72,18,10.42
325,Marondera,ZW,2021-09-10 01:33:14,-18.1853,31.5519,51.91,90,23,12.17
326,Vardo,NO,2021-09-10 01:31:30,70.3705,31.1107,43.05,77,96,16.17
327,Syasstroy,RU,2021-09-10 01:33:15,60.1367,32.5691,50.97,94,62,6.13
328,Racine,US,2021-09-10 01:33:15,42.7495,-88.0751,66.42,75,100,0.0
329,Nouadhibou,MR,2021-09-10 01:29:14,20.931,-17.0347,71.58,88,15,9.22
330,Luau,AO,2021-09-10 01:30:18,-10.7073,22.2247,67.75,29,0,1.95
331,Walvis Bay,NA,2021-09-10 01:33:16,-22.9575,14.5053,51.1,87,0,3.44
332,Bridgetown,BB,2021-09-10 01:31:10,13.1,-59.6167,82.89,74,20,16.11
333,Ostrovnoy,RU,2021-09-10 01:29:19,68.0531,39.5131,39.42,89,99,16.2
334,Rayadrug,IN,2021-09-10 01:33:16,14.7,76.8667,72.14,83,94,18.34
335,Tyup,KG,2021-09-10 01:33:16,42.7276,78.3648,58.53,60,69,5.08
336,Kosa,RU,2021-09-10 01:33:16,59.9445,54.9977,41.36,87,89,11.05
337,Aswan,EG,2021-09-10 01:30:11,24.0934,32.907,87.1,30,0,8.05
338,Takoradi,GH,2021-09-10 01:33:17,4.8845,-1.7554,75.94,91,92,5.26
339,Kalmunai,LK,2021-09-10 01:33:17,7.4167,81.8167,80.87,72,100,7.7
340,Assisi,IT,2021-09-10 01:33:17,43.0691,12.6165,61.56,80,1,1.01
341,Bako,ET,2021-09-10 01:33:18,5.7833,36.5667,62.67,77,92,2.28
342,La Ciotat,FR,2021-09-10 01:33:18,43.1748,5.6045,75.56,56,98,6.42
343,Mpanda,TZ,2021-09-10 01:33:18,-6.3655,31.0409,72.36,41,77,5.86
344,Kalashnikovo,RU,2021-09-10 01:33:19,57.2824,35.2262,58.75,82,100,8.03
345,Tahoua,NE,2021-09-10 01:33:19,14.8888,5.2692,84.85,53,100,10.76
346,Pontal Do Parana,BR,2021-09-10 01:33:19,-25.6533,-48.5128,73.2,89,100,3.67
347,Svetlogorsk,BY,2021-09-10 01:30:48,52.6333,29.7333,54.19,92,13,5.08
348,Auch,FR,2021-09-10 01:33:19,43.65,0.5833,66.11,95,54,1.54
349,Margate,GB,2021-09-10 01:31:39,51.3813,1.3862,63.95,94,99,9.95
350,Ribeira Grande,PT,2021-09-10 01:30:52,38.5167,-28.7,72.37,90,8,10.76
351,Aguas Vermelhas,BR,2021-09-10 01:29:22,-15.7472,-41.46,65.23,56,0,2.06
352,Beni,CD,2021-09-10 01:33:20,0.5,29.4667,60.42,98,46,0.78
353,Maragogi,BR,2021-09-10 01:29:50,-9.0122,-35.2225,75.09,86,60,6.87
354,Samfya,ZM,2021-09-10 01:33:20,-11.3649,29.5565,67.93,52,6,10.85
355,Ilo,PE,2021-09-10 01:33:20,-17.6394,-71.3375,59.04,82,24,3.2
356,Grajau,BR,2021-09-10 01:33:21,-5.8194,-46.1386,79.65,45,15,3.18
357,Kudligi,IN,2021-09-10 01:33:21,14.9,76.3833,70.36,90,100,14.74
358,Dovers,VC,2021-09-10 01:33:21,12.8833,-61.1833,82.98,75,100,20.42
359,Yarada,IN,2021-09-10 01:33:22,17.65,83.2667,80.92,100,90,2.3
360,Tromso,NO,2021-09-10 01:33:22,69.6496,18.957,46.42,71,75,16.11
361,Sakakah,SA,2021-09-10 01:30:40,29.9697,40.2064,80.17,18,0,4.38
362,Kariba,ZW,2021-09-10 01:33:22,-16.5167,28.8,69.75,51,0,2.53
363,San Jose,US,2021-09-10 01:27:13,37.3394,-121.895,87.66,50,75,12.66
364,Adeje,ES,2021-09-10 01:33:23,28.1227,-16.726,74.01,78,0,13.8
365,Mormugao,IN,2021-09-10 01:33:23,15.4,73.8,78.06,89,75,9.22
366,Velingara,SN,2021-09-10 01:33:23,13.15,-14.1167,76.3,98,93,5.28
367,Mahebourg,MU,2021-09-10 01:30:38,-20.4081,57.7,68.29,88,40,3.44
368,Santiago De Cao,PE,2021-09-10 01:33:24,-7.9589,-79.2392,60.93,88,90,9.22
369,Grindavik,IS,2021-09-10 01:30:26,63.8424,-22.4338,50.47,81,75,12.66
370,Sukhumi,GE,2021-09-10 01:33:24,43.0033,41.0153,64.06,74,0,4.94
371,Natal,BR,2021-09-10 01:32:35,-5.795,-35.2094,75.42,88,20,6.91
372,Talara,PE,2021-09-10 01:33:24,-4.5772,-81.2719,64.69,89,58,17.11
373,Yanam,IN,2021-09-10 01:33:24,16.7333,82.2167,82.8,83,100,6.76
374,Lar,IN,2021-09-10 01:33:25,26.2039,83.9717,82.27,80,88,9.37
375,Nuevitas,CU,2021-09-10 01:33:25,21.5453,-77.2644,78.24,76,1,7.56
376,Arlit,NE,2021-09-10 01:31:11,18.7369,7.3853,95.85,15,62,5.01
377,Umm Kaddadah,SD,2021-09-10 01:33:25,13.6017,26.6876,82.76,59,89,13.33
378,Catacamas,HN,2021-09-10 01:33:26,14.8,-85.9,82.81,100,75,0.0
379,Varhaug,NO,2021-09-10 01:33:26,58.6147,5.6457,59.9,83,100,6.04
380,Bastia,FR,2021-09-10 01:33:26,42.6667,9.3333,73.29,85,0,4.61
381,Kathmandu,NP,2021-09-10 01:30:25,27.7167,85.3167,68.22,100,75,0.0
382,Fort-Shevchenko,KZ,2021-09-10 01:33:26,44.5086,50.263,60.57,42,0,8.77
383,Sassandra,CI,2021-09-10 01:33:27,4.95,-6.0833,74.66,94,100,5.14
384,Presidencia Roque Saenz Pena,AR,2021-09-10 01:33:27,-26.7852,-60.4388,55.02,58,0,4.63
385,Dikson,RU,2021-09-10 01:31:26,73.5069,80.5464,40.87,81,4,3.33
386,Port Alfred,ZA,2021-09-10 01:30:29,-33.5906,26.891,61.23,79,94,19.26
387,Ust-Tsilma,RU,2021-09-10 01:31:05,65.441,52.1498,36.05,97,60,7.96
388,Caranavi,BO,2021-09-10 01:33:27,-15.8167,-67.55,61.72,99,100,1.01
389,Caazapa,PY,2021-09-10 01:33:28,-26.15,-56.4,55.38,66,15,1.88
390,Teguldet,RU,2021-09-10 01:33:28,57.3064,88.1667,43.39,93,100,9.64
391,Mmathubudukwane,BW,2021-09-10 01:33:28,-24.6,26.4333,61.66,85,0,8.52
392,Ilulissat,GL,2021-09-10 01:31:25,69.2167,-51.1,32.02,69,16,3.44
393,Mantua,IT,2021-09-10 01:33:28,45.1667,10.7833,67.24,76,12,4.54
394,Kerchevskiy,RU,2021-09-10 01:33:29,59.946,56.2884,41.95,90,93,13.15
395,Megion,RU,2021-09-10 01:33:29,61.0296,76.1136,35.62,79,33,6.02
396,Nyuksenitsa,RU,2021-09-10 01:33:29,60.4128,44.2397,41.65,97,98,3.74
397,Sistranda,NO,2021-09-10 01:30:11,63.7256,8.834,49.89,77,100,18.05
398,Ambilobe,MG,2021-09-10 01:25:26,-13.2,49.05,64.58,86,60,3.65
399,Thompson,CA,2021-09-10 01:33:30,55.7435,-97.8558,62.76,67,90,3.44
400,Guia De Isora,ES,2021-09-10 01:33:30,28.2115,-16.7795,70.23,45,3,6.17
401,Jacqueville,CI,2021-09-10 01:33:30,5.2052,-4.4146,76.91,88,98,8.84
402,Mopti,ML,2021-09-10 01:33:31,14.6667,-4.0,83.14,62,100,12.62
403,Vigia Del Fuerte,CO,2021-09-10 01:33:31,6.5789,-76.8863,75.97,95,100,0.65
404,Goure,NE,2021-09-10 01:33:31,13.9835,10.2704,77.02,53,100,4.92
405,Puerto Carreno,CO,2021-09-10 01:33:31,6.189,-67.4859,75.69,85,100,5.82
406,High Rock,BS,2021-09-10 01:33:32,26.6208,-78.2833,78.82,68,1,10.4
407,Kutum,SD,2021-09-10 01:33:32,14.2,24.6667,76.3,60,100,3.56
408,Narsaq,GL,2021-09-10 01:31:31,60.9167,-46.05,43.97,86,99,0.63
409,Atar,MR,2021-09-10 01:33:32,20.5169,-13.0499,96.82,11,7,7.31
410,Mehamn,NO,2021-09-10 01:31:15,71.0357,27.8492,42.55,79,100,11.79
411,Buchanan,LR,2021-09-10 01:33:33,5.8808,-10.0467,76.5,87,91,7.63
412,Apiai,BR,2021-09-10 01:33:33,-24.5094,-48.8425,61.27,97,100,2.86
413,Santa Comba,ES,2021-09-10 01:30:40,43.0331,-8.8093,61.66,98,75,3.4
414,Aktau,KZ,2021-09-10 01:33:33,43.65,51.2,46.98,30,0,7.45
415,Staryy Nadym,RU,2021-09-10 01:33:34,65.6118,72.6842,41.07,66,10,6.73
416,Sokoni,TZ,2021-09-10 01:33:34,-6.4333,39.55,71.89,75,32,11.9
417,Vestmannaeyjar,IS,2021-09-10 01:30:39,63.4427,-20.2734,52.27,74,95,1.74
418,Ichhawar,IN,2021-09-10 01:33:34,23.0167,77.0167,75.29,95,100,7.05
419,Gravdal,NO,2021-09-10 01:33:35,68.1214,13.5031,48.94,72,96,10.27
420,Odda,NO,2021-09-10 01:33:35,60.0691,6.5457,60.76,87,100,2.01
421,Varadero,CU,2021-09-10 01:28:54,23.1536,-81.2514,75.96,76,62,8.72
422,Viramgam,IN,2021-09-10 01:33:35,23.1225,72.0484,79.03,85,78,8.88
423,Loukhi,RU,2021-09-10 01:30:12,66.0764,33.0381,36.75,94,6,5.61
424,Caravelas,BR,2021-09-10 01:33:35,-17.7125,-39.2481,73.74,88,8,9.89
425,Nizwa,OM,2021-09-10 01:33:36,22.9333,57.5333,83.19,55,65,1.25
426,Varzea Da Palma,BR,2021-09-10 01:33:36,-17.5981,-44.7308,79.39,30,36,1.07
427,Nuuk,GL,2021-09-10 01:30:35,64.1835,-51.7216,41.61,65,84,11.5
428,Nisia Floresta,BR,2021-09-10 01:33:36,-6.0911,-35.2086,75.58,90,0,6.76
429,Bjornevatn,NO,2021-09-10 01:33:37,69.6672,29.9847,39.54,87,90,6.91
430,Arraial Do Cabo,BR,2021-09-10 01:31:35,-22.9661,-42.0278,71.56,88,75,9.22
431,Ginda,IN,2021-09-10 01:33:37,30.6945,78.4932,65.89,87,80,0.36
432,Toronto,CA,2021-09-10 01:30:31,43.7001,-79.4163,64.08,72,1,1.99
433,Faya,SA,2021-09-10 01:30:30,18.3851,42.4509,68.11,25,11,2.33
434,Mgandu,TZ,2021-09-10 01:33:37,-5.95,34.1333,60.93,64,35,10.4
435,Henties Bay,NA,2021-09-10 01:33:38,-22.116,14.2845,50.86,85,0,5.39
436,Hambantota,LK,2021-09-10 01:33:38,6.1241,81.1185,77.34,100,20,9.22
437,Skibotn,NO,2021-09-10 01:33:38,69.3913,20.2679,46.49,97,100,5.08
438,Meulaboh,ID,2021-09-10 01:33:38,4.1363,96.1285,79.03,73,99,2.53
439,Pisco,PE,2021-09-10 01:24:57,-13.7,-76.2167,60.85,82,10,11.5
440,Pimenta Bueno,BR,2021-09-10 01:30:05,-11.6725,-61.1936,74.66,89,99,1.97
441,Mednogorskiy,RU,2021-09-10 01:33:39,43.9178,41.1825,52.14,87,0,3.96
442,Weligama,LK,2021-09-10 01:33:39,5.9667,80.4167,80.19,82,100,10.09
443,Qasigiannguit,GL,2021-09-10 01:31:37,68.8193,-51.1922,32.25,90,64,7.49
444,Male,MV,2021-09-10 01:33:39,4.1748,73.5089,82.35,78,20,5.75
445,Mogadishu,SO,2021-09-10 01:33:40,2.0371,45.3438,77.0,81,100,15.21
446,Talcahuano,CL,2021-09-10 01:30:18,-36.7167,-73.1167,53.53,85,100,8.21
447,Kanniyakumari,IN,2021-09-10 01:33:40,8.0833,77.5667,79.72,80,96,19.1
448,Luba,GQ,2021-09-10 01:33:40,3.4568,8.5547,76.89,89,67,6.49
449,Kuryk,KZ,2021-09-10 01:33:41,43.2,51.65,59.5,39,0,8.1
450,Tenenkou,ML,2021-09-10 01:33:41,14.4572,-4.9169,83.08,63,100,10.76
451,Pavilosta,LV,2021-09-10 01:33:41,56.8879,21.1859,53.55,82,20,6.11
452,Magnor,SE,2021-09-10 01:33:41,59.9511,12.1996,56.3,94,100,1.43
453,Mattru,SL,2021-09-10 01:33:42,7.6244,-11.8332,72.64,99,100,1.86
454,Deneysville,ZA,2021-09-10 01:33:42,-26.8908,28.0971,50.05,76,0,7.99
455,Floriano,BR,2021-09-10 01:33:42,-6.7669,-43.0225,78.8,34,29,2.98
456,Santa Isabel Do Rio Negro,BR,2021-09-10 01:33:42,-0.4139,-65.0192,73.26,94,75,2.46
457,Kayerkan,RU,2021-09-10 01:33:43,69.3497,87.7602,48.69,89,100,5.97
458,Koungou,YT,2021-09-10 01:29:22,-12.7336,45.2042,74.91,83,0,9.22
459,Mar Del Plata,AR,2021-09-10 01:29:43,-38.0023,-57.5575,51.82,93,90,20.71
460,Copiapo,CL,2021-09-10 01:33:43,-27.3667,-70.3333,61.79,57,0,0.89
461,Cururupu,BR,2021-09-10 01:33:43,-1.8283,-44.8683,74.73,88,79,4.03
462,Sisimiut,GL,2021-09-10 01:31:46,66.9395,-53.6735,34.75,66,3,8.9
463,Puerto Quijarro,BO,2021-09-10 01:29:57,-17.7833,-57.7667,74.53,49,100,2.82
464,Tanout,NE,2021-09-10 01:33:44,14.9709,8.8879,84.99,50,100,9.04
465,Ribeira Do Pombal,BR,2021-09-10 01:33:44,-10.8344,-38.5358,65.12,92,2,3.47
466,Bredasdorp,ZA,2021-09-10 01:30:13,-34.5322,20.0403,52.92,76,100,2.3
467,Gari,RU,2021-09-10 01:33:44,59.4307,62.3497,43.75,95,73,8.34
468,Sikonge,TZ,2021-09-10 01:33:44,-5.6333,32.7667,68.61,49,28,7.87
469,Mlandizi,TZ,2021-09-10 01:33:45,-6.7,38.7333,71.85,91,92,2.21
470,Vila Do Maio,CV,2021-09-10 01:33:45,15.1333,-23.2167,79.59,84,14,10.54
471,Mwinilunga,ZM,2021-09-10 01:30:30,-11.7358,24.4293,64.71,32,0,7.36
472,Bathsheba,BB,2021-09-10 01:30:27,13.2167,-59.5167,83.01,74,20,16.11
473,Kuytun,RU,2021-09-10 01:31:08,54.3419,101.5036,41.13,93,100,13.58
474,Bonfim,BR,2021-09-10 01:33:46,3.0833,-59.95,78.35,77,100,7.18
475,Bermeo,ES,2021-09-10 01:33:46,43.4209,-2.7215,66.13,95,81,1.01
476,Kalabo,ZM,2021-09-10 01:30:56,-14.97,22.6814,69.21,32,2,8.72
477,Micheweni,TZ,2021-09-10 01:33:46,-4.9667,39.8333,74.64,77,19,9.71
478,Bulanash,RU,2021-09-10 01:33:46,57.2783,61.9965,48.58,87,96,11.01
479,Sharkan,RU,2021-09-10 01:33:47,57.2989,53.8712,46.17,81,100,14.12
480,Saint-Augustin,CA,2021-09-10 01:31:17,51.226,-58.6502,59.63,98,100,8.77
481,Krasnyye Tkachi,RU,2021-09-10 01:33:47,57.4926,39.7563,53.42,98,100,6.33
482,Bhachau,IN,2021-09-10 01:33:47,23.2833,70.35,80.62,85,100,8.95
483,Victoria Falls,ZW,2021-09-10 01:33:48,-17.9235,25.843,68.09,55,3,8.52
484,Coihaique,CL,2021-09-10 01:31:35,-45.5752,-72.0662,39.99,96,38,4.59
485,Itaberai,BR,2021-09-10 01:33:48,-16.0203,-49.8103,82.35,28,50,3.24
486,Harper,LR,2021-09-10 01:33:48,4.375,-7.7169,76.77,88,100,10.29
487,San Julian,MX,2021-09-10 01:33:48,21.0167,-102.1667,62.26,74,100,3.53
488,Dodoma,TZ,2021-09-10 01:33:49,-6.1722,35.7395,63.07,81,34,7.29
489,Khakhea,BW,2021-09-10 01:33:49,-24.6895,23.494,63.5,62,1,17.81
490,Wamba,NG,2021-09-10 01:33:49,8.9333,8.6,71.8,91,85,1.32
491,Jalu,LY,2021-09-10 01:30:01,29.0331,21.5482,73.06,56,0,8.39
492,Sehore,IN,2021-09-10 01:33:50,23.2,77.0833,75.47,95,100,8.5
493,Upernavik,GL,2021-09-10 01:31:16,72.7868,-56.1549,32.79,75,73,6.15
494,Hithadhoo,MV,2021-09-10 01:31:09,-0.6,73.0833,82.99,72,14,6.96
495,San Pedro,PH,2021-09-10 01:33:50,14.35,121.0167,85.1,75,75,8.05
496,Beaver Dam,US,2021-09-10 01:25:09,43.4578,-88.8373,64.98,79,1,0.0
497,Robertsport,LR,2021-09-10 01:33:51,6.7533,-11.3686,78.78,82,100,11.32
498,Podosinovets,RU,2021-09-10 01:33:51,60.2776,47.0659,39.69,95,100,4.45
499,Kruisfontein,ZA,2021-09-10 01:30:59,-34.0033,24.7314,60.03,51,100,9.24
500,Adre,TD,2021-09-10 01:33:51,13.4667,22.2,72.7,76,97,2.59
501,Lerwick,GB,2021-09-10 01:33:51,60.1545,-1.1494,57.2,99,100,9.19
502,Mezen,RU,2021-09-10 01:30:54,65.8522,44.24,37.17,93,39,8.55
503,San Antonio,US,2021-09-10 01:29:18,29.4241,-98.4936,89.17,39,1,6.91
504,Belmonte,BR,2021-09-10 01:30:17,-15.8631,-38.8828,75.7,86,3,8.21
505,Adrar,MR,2021-09-10 01:29:25,20.5022,-10.0711,95.4,13,67,9.04
506,Puerto Ayora,EC,2021-09-10 01:33:21,-0.7393,-90.3518,70.56,88,74,5.99
507,Yarim,YE,2021-09-10 01:33:52,14.298,44.3779,58.55,59,97,3.42
508,Senovo,SI,2021-09-10 01:33:52,46.0236,15.4769,52.79,88,85,1.14
509,Praia,CV,2021-09-10 01:30:57,14.9215,-23.5087,79.34,89,40,5.75
510,Youkounkoun,GN,2021-09-10 01:33:53,12.5333,-13.1333,68.79,96,99,9.66
511,Puttur,IN,2021-09-10 01:33:53,12.7667,75.2167,77.11,95,66,1.3
512,Minas,UY,2021-09-10 01:33:53,-34.3759,-55.2377,54.52,98,27,4.85
513,Tonawanda,US,2021-09-10 01:32:20,42.985,-78.878,63.99,92,75,5.75
514,Yarmouth,US,2021-09-10 01:33:53,41.7057,-70.2286,70.03,97,90,11.01
515,Bakchar,RU,2021-09-10 01:33:54,57.0186,82.0711,45.25,83,41,7.67
516,San Alberto,CO,2021-09-10 01:33:54,7.7611,-73.3922,77.18,87,74,5.35
517,Amarante Do Maranhao,BR,2021-09-10 01:33:54,-5.5667,-46.7422,77.67,53,5,3.89
518,Marystown,CA,2021-09-10 01:31:23,47.1666,-55.1483,60.22,91,98,7.07
519,Domoni,KM,2021-09-10 01:33:55,-12.2569,44.5319,74.3,84,24,8.48
520,Edd,ER,2021-09-10 01:33:55,13.9297,41.6925,93.92,56,99,3.4
521,Viedma,AR,2021-09-10 01:29:40,-40.8135,-62.9967,47.41,95,95,8.25
522,Parainen,FI,2021-09-10 01:33:55,60.3067,22.301,55.22,95,49,7.38
523,Iqaluit,CA,2021-09-10 01:29:58,63.7506,-68.5145,38.93,81,90,8.05
524,Nsanje,MW,2021-09-10 01:33:56,-16.92,35.262,69.53,81,58,3.29
525,Lichtenburg,ZA,2021-09-10 01:33:56,-26.152,26.1597,52.25,82,2,12.84
526,Jiquilisco,SV,2021-09-10 01:33:56,13.3167,-88.5833,80.58,84,100,0.69
527,Manto,HN,2021-09-10 01:33:57,14.9167,-86.3833,79.45,97,100,2.24
528,Westport,US,2021-09-10 01:26:16,41.1415,-73.3579,69.94,95,100,3.0
529,Wajid,SO,2021-09-10 01:33:57,3.8093,43.2471,71.35,79,7,18.28
530,Inirida,CO,2021-09-10 01:33:57,3.8653,-67.9239,75.51,92,48,3.29
531,Reinosa,ES,2021-09-10 01:33:57,42.9996,-4.138,57.06,98,95,2.82
532,Keti Bandar,PK,2021-09-10 01:33:58,24.1447,67.4497,81.14,83,100,14.65
533,Vestmanna,FO,2021-09-10 01:30:33,62.1564,-7.1664,47.32,81,90,4.61
534,Begoro,GH,2021-09-10 01:33:58,6.3871,-0.3774,68.79,98,76,2.48
535,Taoudenni,ML,2021-09-10 01:24:39,22.6783,-3.9836,96.75,13,0,10.87
536,Manaure,CO,2021-09-10 01:33:58,11.7751,-72.4445,84.67,66,100,20.83
537,Kemin,KG,2021-09-10 01:33:59,42.7846,75.6892,57.11,62,3,3.6
538,Babusnica,RS,2021-09-10 01:33:59,43.0597,22.4117,51.96,78,77,3.53
539,Abu Dhabi,AE,2021-09-10 01:30:48,24.4667,54.3667,89.71,84,100,4.61
540,Itarantim,BR,2021-09-10 01:33:59,-15.6597,-40.0656,65.7,93,2,1.59
541,Bull Savanna,JM,2021-09-10 01:34:00,17.8868,-77.5902,78.12,85,31,8.28
542,Lucan,IE,2021-09-10 01:34:00,53.3592,-6.4389,60.44,98,75,1.14
543,Bonoua,CI,2021-09-10 01:34:00,5.2741,-3.595,76.62,91,83,3.71
544,Huarmey,PE,2021-09-10 01:29:16,-10.0681,-78.1522,63.32,86,49,9.24
545,Clarence Town,AU,2021-09-10 01:34:01,-32.5833,151.7833,82.35,27,24,11.41
546,Gbarnga,LR,2021-09-10 01:34:01,6.9956,-9.4722,71.06,99,100,2.95
547,Rudnichnyy,RU,2021-09-10 01:34:01,59.617,52.4703,37.02,95,54,8.61
548,Syamzha,RU,2021-09-10 01:34:01,60.0158,41.0614,45.88,80,76,3.74
549,Saint-Joseph,RE,2021-09-10 01:29:33,-21.3667,55.6167,66.58,74,16,4.7
550,Los Algarrobos,PA,2021-09-10 01:34:02,8.5,-82.4333,77.45,94,20,2.3
551,Moose Factory,CA,2021-09-10 01:31:29,51.2585,-80.6094,53.6,94,75,8.05
552,Urengoy,RU,2021-09-10 01:31:23,65.9667,78.3667,41.7,73,18,9.35
553,Strezhevoy,RU,2021-09-10 01:34:02,60.7333,77.5889,35.58,79,9,6.76
554,Inhambane,MZ,2021-09-10 01:34:03,-23.865,35.3833,69.01,61,54,14.0
555,Kuusamo,FI,2021-09-10 01:30:10,65.9667,29.1833,33.84,93,17,2.3
556,Saint-Pierre,RE,2021-09-10 01:25:35,-21.3393,55.4781,67.68,59,0,6.91
557,Verkhnyaya Inta,RU,2021-09-10 01:30:55,65.9811,60.3094,40.93,98,100,12.08
558,Tsumeb,NA,2021-09-10 01:34:03,-19.2333,17.7167,63.95,28,2,12.21
559,Ishnya,RU,2021-09-10 01:34:03,57.1907,39.36,53.47,94,99,6.51
560,Uray,RU,2021-09-10 01:34:04,60.1247,64.7758,48.07,97,100,7.11
561,Yar-Sale,RU,2021-09-10 01:31:27,66.8333,70.8333,40.1,76,47,7.31
562,Rehli,IN,2021-09-10 01:34:04,23.6333,79.0833,74.55,96,100,7.25
563,Ugoofaaru,MV,2021-09-10 01:34:04,5.6667,73.0,82.72,72,82,11.03
564,Shakawe,BW,2021-09-10 01:31:16,-18.3667,21.85,65.75,33,27,6.46
565,Jashpurnagar,IN,2021-09-10 01:34:05,22.9,84.15,74.68,84,7,0.76
566,Oranjemund,NA,2021-09-10 01:31:12,-28.55,16.4333,54.77,85,70,3.6
567,Pitimbu,BR,2021-09-10 01:34:05,-7.4706,-34.8086,73.99,79,8,9.95
568,Itaquyry,PY,2021-09-10 01:34:05,-24.9333,-55.2167,57.42,60,100,2.13
569,Bara,NG,2021-09-10 01:34:06,10.3744,10.7288,72.75,91,97,0.94
570,Berlevag,NO,2021-09-10 01:25:21,70.8578,29.0864,42.76,79,97,15.57
571,Siyabuswa,ZA,2021-09-10 01:34:06,-25.1132,29.0445,57.04,84,0,4.36
572,Naranjal,EC,2021-09-10 01:34:06,-2.6667,-79.6167,76.8,89,39,4.16
573,Ponta Do Sol,PT,2021-09-10 01:29:29,32.6667,-17.1,75.83,81,100,3.49
574,Ascension,US,2021-09-10 01:30:56,30.2169,-90.9001,82.4,66,0,6.53
575,Trofors,NO,2021-09-10 01:34:07,65.5333,13.4063,43.95,90,18,2.26
576,Monrovia,LR,2021-09-10 01:34:07,6.3005,-10.7969,77.16,85,100,9.4
577,Peruibe,BR,2021-09-10 01:30:43,-24.32,-46.9983,70.39,98,100,6.46
578,Sovetskiy,RU,2021-09-10 01:34:07,61.3614,63.5842,47.64,98,100,4.47
579,Kafue,ZM,2021-09-10 01:34:08,-15.7691,28.1814,63.36,58,0,7.34
580,Mangaluru,IN,2021-09-10 01:34:08,12.8667,74.8833,77.86,88,20,0.0
581,Longyearbyen,SJ,2021-09-10 01:30:23,78.2186,15.6401,39.04,70,75,9.22
582,Georgetown,MY,2021-09-10 01:30:20,5.4112,100.3354,80.89,83,20,5.75
583,Sandnessjoen,NO,2021-09-10 01:34:08,66.0217,12.6316,45.57,64,48,7.05
584,Kambove,CD,2021-09-10 01:34:09,-10.8764,26.5969,63.34,36,2,8.01
585,Morant Bay,JM,2021-09-10 01:34:09,17.8815,-76.4093,83.82,84,12,8.21
586,Yenagoa,NG,2021-09-10 01:34:09,4.9247,6.2642,75.52,94,100,3.71
587,Lethem,GY,2021-09-10 01:34:09,3.3803,-59.7968,76.93,85,100,8.5
588,Bereda,ES,2021-09-10 01:34:10,43.2686,-7.5406,60.55,98,51,2.77
589,Pontes E Lacerda,BR,2021-09-10 01:34:10,-15.2261,-59.3353,76.26,51,52,5.12
590,Portree,GB,2021-09-10 01:34:10,57.4129,-6.1942,56.52,93,100,3.31
591,Teseney,ER,2021-09-10 01:34:10,15.11,36.6575,72.81,80,100,8.34
592,Salinopolis,BR,2021-09-10 01:29:38,-0.6136,-47.3561,79.11,82,85,9.04
593,Hermanus,ZA,2021-09-10 01:30:21,-34.4187,19.2345,54.9,56,100,10.47
594,Pocone,BR,2021-09-10 01:34:11,-16.2567,-56.6228,75.67,55,99,3.47
595,Holme,DK,2021-09-10 01:34:11,56.1138,10.1725,58.75,90,4,5.35
596,Yabelo,ET,2021-09-10 01:34:11,4.8833,38.0833,58.57,83,100,11.01
597,Santo Antonio Do Leverger,BR,2021-09-10 01:34:12,-15.8656,-56.0767,73.78,57,56,5.23
598,Robertson,US,2021-09-10 01:34:12,36.5167,-86.8667,71.46,84,40,0.0
599,Grand Gaube,MU,2021-09-10 01:30:27,-20.0064,57.6608,68.4,80,26,3.0
600,Pindobacu,BR,2021-09-10 01:34:12,-10.7417,-40.3608,68.68,61,3,4.21
601,Road Town,VG,2021-09-10 01:29:56,18.4167,-64.6167,83.19,73,100,12.19
602,Sarmakovo,RU,2021-09-10 01:34:13,43.7456,43.2003,45.7,96,39,2.46
603,Constitucion,CL,2021-09-10 01:34:13,-35.3333,-72.4167,54.25,82,100,6.89
604,Laguna,US,2021-09-10 01:29:40,38.421,-121.4238,99.64,29,1,7.0
605,Hofn,IS,2021-09-10 01:31:23,64.2539,-15.2082,49.35,52,16,5.06
606,Ilhabela,BR,2021-09-10 01:34:14,-23.7781,-45.3581,72.18,94,97,2.04
607,Los Llanos De Aridane,ES,2021-09-10 01:30:39,28.6585,-17.9182,71.35,78,90,12.66
608,Paamiut,GL,2021-09-10 01:29:52,61.994,-49.6678,43.43,95,100,2.82
609,Aasiaat,GL,2021-09-10 01:34:14,68.7098,-52.8699,30.78,81,28,10.07
610,Krasnoselkup,RU,2021-09-10 01:29:56,65.7,82.4667,46.11,98,100,11.05
611,Yining,CN,2021-09-10 01:34:14,29.0361,114.5636,86.25,63,76,0.54
612,Cidreira,BR,2021-09-10 01:30:42,-30.1811,-50.2056,60.33,69,34,15.57
613,Chapais,CA,2021-09-10 01:30:20,49.7834,-74.8492,51.58,96,100,7.36
614,Cap Malheureux,MU,2021-09-10 01:30:12,-19.9842,57.6142,68.49,80,36,3.0
615,Krugersdorp,ZA,2021-09-10 01:34:15,-26.0858,27.7752,56.75,87,6,7.9
616,Saint-Philippe,RE,2021-09-10 01:31:26,-21.3585,55.7679,67.59,76,35,4.9
617,Bambamarca,PE,2021-09-10 01:34:15,-6.6833,-78.5333,53.92,92,95,3.18
618,Maniitsoq,GL,2021-09-10 01:31:38,65.4167,-52.9,37.71,51,91,10.6
619,Arvika,SE,2021-09-10 01:34:16,59.6553,12.5852,54.3,95,99,0.81
620,Bonthe,SL,2021-09-10 01:34:16,7.5264,-12.505,73.56,95,100,5.14
621,Calama,CL,2021-09-10 01:34:16,-22.4667,-68.9333,49.19,25,0,3.11
622,Tammisaari,FI,2021-09-10 01:34:16,59.9736,23.4339,57.11,96,51,7.05
623,Klaksvik,FO,2021-09-10 01:31:10,62.2266,-6.589,49.12,68,100,9.19
